#!,Workbook:,Custom,Custom
#!,To play this data back: Open the original Excel workbook file then click the *Import Data File* button in the *Data Streamer* ribbon and navigate to this file.
#!,For more information visit http://aka.ms/hackingstem/
25.10,36.00,,,-45.874374,170.345932,2023-06-17 02:20:55,,186.29,0.02,S25.22,77.39,-4320.06,
25.00,35.00,,,-45.874374,170.345932,2023-06-17 02:20:55,,186.29,0.02,S25.15,77.27,-4320.61,
25.00,35.00,,,-45.874374,170.345932,2023-06-17 02:20:55,,186.29,0.02,S25.15,77.27,-4320.31,
24.90,35.00,,,-45.874374,170.345932,2023-06-17 02:20:55,,186.29,0.02,S25.13,77.24,-4320.79,
24.90,35.00,,,-45.874332,170.345932,2023-06-17 02:22:10,,0.00,0.13,N25.13,77.24,-4320.79,
24.90,35.00,8,1.1,-45.874332,170.345932,2023-06-17 02:22:10,28.00,0.00,0.13,N25.13,77.24,-4320.73,
24.90,35.00,8,1.1,-45.874332,170.345932,2023-06-17 02:22:10,28.00,0.00,0.13,N25.15,77.27,-4320.73,
24.90,35.00,10,1.0,-45.874336,170.345886,2023-06-17 02:22:14,27.90,0.00,0.13,N25.13,77.24,-4319.24,
24.90,35.00,10,1.0,-45.874351,170.345779,2023-06-17 02:22:16,28.20,0.00,0.13,N25.13,77.24,-4319.30,
24.90,35.00,10,1.0,-45.874351,170.345779,2023-06-17 02:22:16,28.20,0.00,0.13,N25.11,77.20,-4319.33,
24.90,34.00,10,1.0,-45.874351,170.345779,2023-06-17 02:22:16,28.20,0.00,0.13,N25.08,77.14,-4321.00,
24.80,34.00,10,1.0,-45.874351,170.345779,2023-06-17 02:22:16,28.20,0.00,0.13,N25.08,77.15,-4321.25,
24.80,34.00,10,1.0,-45.874351,170.345779,2023-06-17 02:22:16,28.20,0.00,0.13,N25.04,77.08,-4321.89,
24.80,34.00,10,1.0,-45.874351,170.345779,2023-06-17 02:22:16,28.20,0.00,0.13,N25.04,77.07,-4322.41,
24.70,34.00,10,1.0,-45.874351,170.345779,2023-06-17 02:22:16,28.20,0.00,0.13,N25.03,77.05,-4323.35,
24.70,34.00,10,1.0,-45.874351,170.345779,2023-06-17 02:22:16,28.20,0.00,0.13,N25.02,77.03,-4323.41,
24.60,33.00,10,1.0,-45.874351,170.345779,2023-06-17 02:22:16,28.20,0.00,0.13,N24.90,76.82,-4326.47,
24.60,33.00,10,1.0,-45.874351,170.345779,2023-06-17 02:22:16,28.20,0.00,0.13,N24.89,76.80,-4325.78,
24.50,33.00,10,1.0,-45.874351,170.345779,2023-06-17 02:22:16,28.20,0.00,0.13,N24.85,76.72,-4325.65,
24.50,33.00,10,1.0,-45.874351,170.345779,2023-06-17 02:22:16,28.20,0.00,0.13,N24.82,76.67,-4325.83,
24.40,33.00,10,1.0,-45.876995,170.336486,2023-06-17 02:23:21,28.20,248.67,46.71,W24.78,76.61,-4326.31,
24.40,33.00,10,1.0,-45.876995,170.336486,2023-06-17 02:23:21,28.20,248.67,46.71,W24.75,76.54,-4327.87,
24.30,32.00,10,1.0,-45.876995,170.336486,2023-06-17 02:23:21,28.20,248.67,46.71,W24.67,76.41,-4328.71,
24.30,33.00,10,1.0,-45.877719,170.334014,2023-06-17 02:23:37,28.20,247.44,45.82,W24.68,76.42,-4329.23,
24.30,33.00,10,1.0,-45.877719,170.334014,2023-06-17 02:23:37,28.20,247.44,45.82,W24.66,76.40,-4328.54,
24.30,33.00,10,1.0,-45.877719,170.334014,2023-06-17 02:23:37,28.20,247.44,45.82,W24.65,76.37,-4330.83,
24.10,32.00,10,1.0,-45.877719,170.334014,2023-06-17 02:23:37,28.20,247.44,45.82,W24.55,76.20,-4327.61,
24.10,32.00,10,1.0,-45.877719,170.334014,2023-06-17 02:23:37,28.20,247.44,45.82,W24.51,76.12,-4328.22,
24.00,32.00,10,1.0,-45.877719,170.334014,2023-06-17 02:23:37,28.20,247.44,45.82,W24.51,76.12,-4329.47,
23.90,32.00,10,1.0,-45.879432,170.327957,2023-06-17 02:24:11,28.20,248.29,60.25,W24.40,75.93,-4330.83,
23.90,32.00,9,1.4,-45.879432,170.327957,2023-06-17 02:24:11,23.00,248.29,60.25,W24.40,75.93,-4330.83,
23.90,32.00,9,1.4,-45.879432,170.327957,2023-06-17 02:24:11,23.00,248.29,60.25,W24.40,75.93,-4330.83,
23.90,32.00,9,1.4,-45.879432,170.327957,2023-06-17 02:24:11,23.00,248.29,60.25,W24.37,75.87,-4333.18,
23.80,32.00,9,1.4,-45.879432,170.327957,2023-06-17 02:24:11,23.00,248.29,60.25,W24.37,75.86,-4333.61,
23.80,32.00,9,1.4,-45.879432,170.327957,2023-06-17 02:24:11,23.00,248.29,60.25,W24.36,75.85,-4335.33,
23.70,32.00,10,1.1,-45.880374,170.326126,2023-06-17 02:24:31,23.40,248.29,60.25,W24.19,75.54,-4333.39,
23.70,31.00,10,1.1,-45.880374,170.326126,2023-06-17 02:24:31,23.40,248.29,60.25,W24.16,75.49,-4332.70,
23.70,31.00,10,1.1,-45.880638,170.326293,2023-06-17 02:24:33,23.40,158.00,60.19,S24.14,75.45,-4331.45,
23.70,31.00,10,1.1,-45.880638,170.326293,2023-06-17 02:24:33,23.40,158.00,60.19,S24.11,75.40,-4330.35,
23.60,31.00,10,1.1,-45.881259,170.326644,2023-06-17 02:24:37,23.40,157.78,69.25,S24.08,75.34,-4329.60,
23.60,31.00,9,1.0,-45.881259,170.326644,2023-06-17 02:24:37,24.90,157.78,69.25,S24.08,75.34,-4329.60,
23.60,31.00,9,1.0,-45.881259,170.326644,2023-06-17 02:24:37,24.90,157.78,69.25,S24.07,75.33,-4328.46,
23.60,31.00,9,1.0,-45.881591,170.326843,2023-06-17 02:24:39,24.90,158.04,72.06,S24.05,75.29,-4326.77,
23.60,31.00,10,1.0,-45.881591,170.326843,2023-06-17 02:24:39,25.20,158.04,72.06,S24.05,75.29,-4326.98,
23.60,31.00,10,1.0,-45.881591,170.326843,2023-06-17 02:24:39,25.20,158.04,72.06,S24.06,75.30,-4326.98,
23.50,31.00,10,1.0,-45.881591,170.326843,2023-06-17 02:24:39,25.20,158.04,72.06,S23.99,75.18,-4326.82,
23.50,31.00,10,1.0,-45.881591,170.326843,2023-06-17 02:24:39,25.20,158.04,72.06,S23.99,75.19,-4327.56,
23.30,32.00,10,1.0,-45.881591,170.326843,2023-06-17 02:24:39,25.20,158.04,72.06,S23.87,74.96,-4326.38,
22.80,33.00,10,1.0,-45.888370,170.330795,2023-06-17 02:25:20,25.20,157.68,73.62,S23.76,74.78,-4327.11,
22.80,33.00,10,1.0,-45.888370,170.330795,2023-06-17 02:25:20,25.20,157.68,73.62,S23.76,74.77,-4327.59,
22.80,33.00,10,1.0,-45.888706,170.330978,2023-06-17 02:25:22,25.20,157.86,72.41,S23.78,74.80,-4327.18,
22.80,33.00,10,1.0,-45.888706,170.330978,2023-06-17 02:25:22,25.20,157.86,72.41,S23.79,74.83,-4327.62,
22.80,33.00,10,1.0,-45.889041,170.331176,2023-06-17 02:25:24,25.20,158.16,71.82,S23.82,74.87,-4328.58,
22.70,33.00,10,1.0,-45.889041,170.331176,2023-06-17 02:25:24,25.20,158.16,71.82,S23.87,74.97,-4327.68,
22.70,32.00,10,1.0,-45.889041,170.331176,2023-06-17 02:25:24,25.20,158.16,71.82,S23.99,75.18,-4325.66,
22.90,33.00,10,1.0,-45.889041,170.331176,2023-06-17 02:25:24,25.20,158.16,71.82,S24.50,76.09,-4320.45,
23.10,34.00,9,1.1,-45.892963,170.333465,2023-06-17 02:25:56,31.70,158.16,71.82,S24.63,76.33,-4312.84,
23.20,33.00,9,1.1,-45.892963,170.333465,2023-06-17 02:25:56,31.70,158.16,71.82,S24.72,76.50,-4310.90,
23.30,32.00,9,1.1,-45.892963,170.333465,2023-06-17 02:25:56,31.70,158.16,71.82,S24.93,76.87,-4303.22,
23.30,32.00,9,1.1,-45.892963,170.333465,2023-06-17 02:25:56,31.70,158.16,71.82,S24.94,76.89,-4303.11,
24.10,32.00,9,1.1,-45.892963,170.333465,2023-06-17 02:25:56,31.70,158.16,71.82,S25.51,77.92,-4280.58,
24.10,32.00,9,1.1,-45.892963,170.333465,2023-06-17 02:25:56,31.70,158.16,71.82,S25.53,77.95,-4278.71,
24.10,32.00,9,1.1,-45.892963,170.333465,2023-06-17 02:25:56,31.70,158.16,71.82,S25.55,78.00,-4276.38,
24.30,31.00,9,1.1,-45.892963,170.333465,2023-06-17 02:25:56,31.70,158.16,71.82,S25.69,78.24,-4269.15,
24.50,31.00,9,1.1,-45.897777,170.336318,2023-06-17 02:26:43,31.70,157.24,17.63,S25.89,78.60,-4262.96,
24.90,32.00,9,1.1,-45.897792,170.336746,2023-06-17 02:26:55,31.70,66.62,36.52,E26.13,79.03,-4254.06,
25.10,32.00,9,1.1,-45.897792,170.336746,2023-06-17 02:26:55,31.70,66.62,36.52,E26.07,78.93,-4249.74,
25.10,32.00,9,1.1,-45.897792,170.336746,2023-06-17 02:26:55,31.70,66.62,36.52,E26.06,78.91,-4248.96,
25.10,32.00,9,1.1,-45.897411,170.338043,2023-06-17 02:27:03,31.70,67.95,56.36,E26.05,78.89,-4249.81,
25.30,31.00,9,1.1,-45.897022,170.339385,2023-06-17 02:27:10,46.60,67.95,56.36,E26.14,79.05,-4253.34,
25.40,31.00,9,1.1,-45.897022,170.339385,2023-06-17 02:27:10,46.60,67.95,56.36,E26.46,79.63,-4256.15,
25.40,31.00,9,1.1,-45.896633,170.340759,2023-06-17 02:27:17,46.60,67.55,66.75,E26.53,79.75,-4260.15,
25.50,31.00,9,1.1,-45.896633,170.340759,2023-06-17 02:27:17,46.60,67.55,66.75,E26.83,80.30,-4273.94,
25.50,31.00,9,1.1,-45.896633,170.340759,2023-06-17 02:27:17,46.60,67.55,66.75,E26.85,80.34,-4274.04,
25.60,32.00,9,1.1,-45.896633,170.340759,2023-06-17 02:27:17,46.60,67.55,66.75,E26.80,80.24,-4269.55,
25.90,29.00,9,1.1,-45.894607,170.347564,2023-06-17 02:27:45,46.60,59.41,72.69,E27.12,80.82,-4257.53,
26.10,30.00,9,1.1,-45.894607,170.347564,2023-06-17 02:27:45,46.60,59.41,72.69,E27.06,80.70,-4270.27,
26.20,31.00,9,1.1,-45.894607,170.347564,2023-06-17 02:27:45,46.60,59.41,72.69,E27.02,80.63,-4277.23,
26.30,30.00,9,1.1,-45.891979,170.350448,2023-06-17 02:28:03,33.60,59.41,72.69,E26.97,80.55,-4281.00,
26.30,29.00,9,1.1,-45.891265,170.351181,2023-06-17 02:28:07,33.60,41.11,87.19,N26.96,80.53,-4285.39,
26.40,28.00,9,1.1,-45.891265,170.351181,2023-06-17 02:28:07,33.60,41.11,87.19,N26.95,80.52,-4287.63,
26.40,28.00,9,1.1,-45.891265,170.351181,2023-06-17 02:28:07,33.60,41.11,87.19,N27.05,80.69,-4288.32,
26.40,28.00,9,1.1,-45.890094,170.354385,2023-06-17 02:28:19,33.60,82.39,85.53,E27.05,80.69,-4288.37,
26.60,29.00,9,1.1,-45.890094,170.354385,2023-06-17 02:28:19,33.60,82.39,85.53,E27.10,80.78,-4280.30,
26.60,29.00,9,1.1,-45.890563,170.357742,2023-06-17 02:28:30,33.60,118.39,90.06,E27.08,80.75,-4274.01,
26.60,28.00,9,1.1,-45.890563,170.357742,2023-06-17 02:28:30,33.60,118.39,90.06,E27.10,80.79,-4261.90,
26.70,27.00,9,1.1,-45.890563,170.357742,2023-06-17 02:28:30,33.60,118.39,90.06,E27.14,80.86,-4220.89,
27.00,27.00,9,1.1,-45.890563,170.357742,2023-06-17 02:28:30,33.60,118.39,90.06,E27.25,81.04,-4081.57,
27.00,27.00,9,1.1,-45.890563,170.357742,2023-06-17 02:28:30,33.60,118.39,90.06,E27.25,81.05,-4070.69,
27.00,26.00,9,1.1,-45.890563,170.357742,2023-06-17 02:28:30,33.60,118.39,90.06,E27.26,81.07,-4066.68,
27.00,26.00,9,1.1,-45.890563,170.357742,2023-06-17 02:28:30,33.60,118.39,90.06,E27.28,81.10,-4062.68,
27.00,26.00,9,1.1,-45.890563,170.357742,2023-06-17 02:28:30,33.60,118.39,90.06,E27.29,81.12,-4047.89,
27.10,26.00,9,1.1,-45.890563,170.357742,2023-06-17 02:28:30,33.60,118.39,90.06,E27.36,81.24,-4026.22,
27.10,27.00,9,1.1,-45.890563,170.357742,2023-06-17 02:28:30,33.60,118.39,90.06,E27.44,81.39,-4017.19,
27.10,27.00,9,1.1,-45.890563,170.357742,2023-06-17 02:28:30,33.60,118.39,90.06,E27.44,81.39,-4017.39,
27.20,27.00,9,1.1,-45.890563,170.357742,2023-06-17 02:28:30,33.60,118.39,90.06,E27.45,81.40,-4023.21,
27.20,27.00,9,1.1,-45.890563,170.357742,2023-06-17 02:28:30,33.60,118.39,90.06,E27.45,81.40,-4024.13,
27.20,26.00,9,1.1,-45.890563,170.357742,2023-06-17 02:28:30,33.60,118.39,90.06,E27.47,81.44,-4050.18,
27.20,26.00,9,1.1,-45.890563,170.357742,2023-06-17 02:28:30,33.60,118.39,90.06,E27.50,81.50,-4073.06,
27.30,26.00,9,1.1,-45.901420,170.379287,2023-06-17 02:30:05,33.60,100.54,84.41,E27.54,81.58,-4121.99,
27.30,26.00,9,1.1,-45.901519,170.380172,2006-17-00 02:30:08,33.60,98.29,83.43,E27.55,81.58,-4133.88,
27.30,25.00,9,1.1,-45.901519,170.380172,2006-17-00 02:30:08,33.60,98.29,83.43,E27.55,81.60,-4154.73,
27.40,26.00,9,1.1,-45.901519,170.380172,2006-17-00 02:30:08,33.60,98.29,83.43,E27.63,81.73,-4198.78,
27.40,26.00,9,1.1,-45.901519,170.380172,2006-17-00 02:30:08,33.60,98.29,83.43,E27.65,81.76,-4211.02,
27.50,26.00,9,1.1,-45.901634,170.388717,2023-06-17 02:30:36,33.60,93.26,84.53,E27.63,81.74,-4229.83,
27.50,26.00,9,1.1,-45.901634,170.388717,2023-06-17 02:30:36,48.60,93.26,84.5327.63,81.74,-4229.83,
27.50,26.00,9,1.1,-45.901634,170.388717,2023-06-17 02:30:36,48.60,93.26,84.53,E27.63,81.74,-4229.83,
27.40,26.00,9,1.1,-45.901634,170.388717,2023-06-17 02:30:36,48.60,93.26,84.53,E27.63,81.74,-4233.26,
27.40,25.00,9,1.1,-45.901710,170.389923,2023-06-17 02:30:40,46.40,93.26,84.53,E27.64,81.75,-4235.96,
27.40,25.00,9,1.1,-45.901710,170.389923,2023-06-17 02:30:40,46.40,93.26,84.53,E27.64,81.75,-4240.54,
27.50,25.00,9,1.1,-45.901920,170.392074,2023-06-17 02:30:47,46.40,98.71,85.28,E27.65,81.76,-4247.56,
27.50,25.00,8,1.2,-45.901920,170.392074,2023-06-17 02:30:47,41.80,98.71,85.28,E27.65,81.76,-4247.56,
27.50,25.00,8,1.2,-45.901920,170.392074,2023-06-17 02:30:47,41.80,98.71,85.28,E27.65,81.76,-4247.56,
27.40,25.00,8,1.2,-45.901920,170.392074,2023-06-17 02:30:47,41.80,98.71,85.28,E27.67,81.81,-4248.93,
27.60,24.00,8,1.2,-45.902046,170.393280,2023-06-17 02:30:51,41.80,98.38,85.14,E27.69,81.84,-4250.00,
27.50,25.00,8,1.2,-45.902046,170.393280,2023-06-17 02:30:51,41.80,98.38,85.14,E27.72,81.89,-4251.63,
27.50,26.00,8,1.2,-45.902046,170.393280,2023-06-17 02:30:51,41.80,98.38,85.14,E27.74,81.92,-4250.42,
27.50,26.00,8,1.2,-45.902046,170.393280,2023-06-17 02:30:51,41.80,98.38,85.14,E27.76,81.97,-4250.87,
27.50,26.00,8,1.2,-45.902046,170.393280,2023-06-17 02:30:51,41.80,98.38,85.14,E27.79,82.02,-4253.62,
27.60,24.00,8,1.2,-45.902256,170.400711,2023-06-17 02:31:16,41.80,90.15,81.06,E27.85,82.13,-4266.17,
27.60,24.00,8,1.2,-45.902263,170.401901,2023-06-17 02:31:20,41.80,90.38,83.73,E27.87,82.17,-4272.05,
27.60,24.00,8,1.2,-45.902263,170.401901,2023-06-17 02:31:20,41.80,90.38,83.73,E27.91,82.23,-4276.11,
27.70,25.00,8,1.2,-45.902286,170.404388,2023-06-17 02:31:28,41.80,92.11,89.08,E27.95,82.32,-4290.18,
27.70,25.00,8,1.2,-45.902286,170.404388,2023-06-17 02:31:28,41.80,92.11,89.08,E27.98,82.36,-4300.72,
27.70,25.00,8,1.2,-45.902286,170.404388,2023-06-17 02:31:28,41.80,92.11,89.08,E27.99,82.39,-4303.06,
27.70,26.00,8,1.2,-45.902412,170.407806,2023-06-17 02:31:39,41.80,94.79,86.30,E28.02,82.43,-4317.64,
27.70,26.00,9,1.1,-45.902412,170.407806,2023-06-17 02:31:39,19.80,94.79,86.30,E28.02,82.43,-4317.64,
27.70,26.00,9,1.1,-45.902412,170.407806,2023-06-17 02:31:39,19.80,94.79,86.30,E28.02,82.43,-4317.64,
27.70,25.00,9,1.1,-45.902412,170.407806,2023-06-17 02:31:39,19.80,94.79,86.30,E28.02,82.44,-4322.85,
27.80,24.00,9,1.1,-45.902561,170.409957,2023-06-17 02:31:46,19.80,96.48,86.08,E28.03,82.46,-4329.30,
27.80,24.00,9,1.1,-45.902561,170.409957,2023-06-17 02:31:46,19.80,96.48,86.08,E28.06,82.50,-4335.63,
27.90,23.00,9,1.1,-45.902561,170.409957,2023-06-17 02:31:46,19.80,96.48,86.08,E28.23,82.81,-4331.45,
27.90,23.00,9,1.1,-45.902561,170.409957,2023-06-17 02:31:46,19.80,96.48,86.08,E28.24,82.83,-4328.01,
27.90,23.00,9,1.1,-45.902561,170.409957,2023-06-17 02:31:46,19.80,96.48,86.08,E28.26,82.87,-4324.57,
27.90,23.00,9,1.1,-45.902561,170.409957,2023-06-17 02:31:46,19.80,96.48,86.08,E28.29,82.91,-4318.08,
27.90,24.00,9,1.1,-45.902576,170.421463,2023-06-17 02:32:25,18.20,96.48,86.08,E28.38,83.08,-4312.74,
27.90,24.00,9,1.1,-45.902576,170.421463,2023-06-17 02:32:25,18.20,96.48,86.08,E28.43,83.18,-4309.34,
28.00,24.00,9,1.1,-45.902351,170.422286,2023-06-17 02:32:28,18.20,67.53,81.80,E28.50,83.29,-4307.53,
28.00,24.00,9,1.1,-45.902351,170.422286,2023-06-17 02:32:28,21.60,67.53,81.80,E28.56,83.41,-4305.53,
28.00,24.00,9,1.1,-45.902351,170.422286,2023-06-17 02:32:28,21.60,67.53,81.80,E28.56,83.41,-4305.53,
28.00,25.00,9,1.1,-45.902351,170.422286,2023-06-17 02:32:28,21.60,67.53,81.80,E28.78,83.80,-4297.19,
28.10,25.00,9,1.1,-45.902351,170.422286,2023-06-17 02:32:28,21.60,67.53,81.80,E28.88,83.99,-4285.54,
28.10,25.00,9,1.1,-45.902351,170.422286,2023-06-17 02:32:28,21.60,67.53,81.80,E28.86,83.95,-4282.80,
28.10,24.00,9,1.1,-45.902351,170.422286,2023-06-17 02:32:28,21.60,67.53,81.80,E28.81,83.85,-4287.03,
28.10,23.00,9,1.1,-45.901115,170.427856,2023-06-17 02:32:49,21.60,84.09,80.38,E28.77,83.77,-4289.08,
28.10,23.00,9,1.1,-45.901115,170.427856,2023-06-17 02:32:49,28.50,84.09,80.38,E28.76,83.77,-4289.08,
28.10,23.00,9,1.1,-45.901115,170.427856,2023-06-17 02:32:49,28.50,84.09,80.38,E28.76,83.77,-4289.08,
28.20,23.00,9,1.1,-45.901065,170.428710,2023-06-17 02:32:52,27.40,84.09,80.38,E28.73,83.71,-4290.22,
28.20,23.00,9,1.1,-45.901065,170.428710,2023-06-17 02:32:52,27.40,84.09,80.38,E28.69,83.65,-4291.68,
28.20,24.00,9,1.1,-45.901065,170.428710,2023-06-17 02:32:52,27.40,84.09,80.38,E28.69,83.64,-4289.89,
28.20,25.00,9,1.1,-45.901065,170.428710,2023-06-17 02:32:52,27.40,84.09,80.38,E28.68,83.63,-4288.62,
28.20,25.00,9,1.1,-45.900421,170.432662,2023-06-17 02:33:06,28.40,84.09,80.38,E28.68,83.63,-4286.23,
28.30,23.00,9,1.1,-45.900421,170.432662,2023-06-17 02:33:06,28.40,84.09,80.38,E28.64,83.55,-4271.30,
28.30,23.00,9,1.1,-45.900421,170.432662,2023-06-17 02:33:06,28.40,84.09,80.38,E28.64,83.54,-4266.41,
28.30,23.00,9,1.1,-45.900421,170.432662,2023-06-17 02:33:06,28.40,84.09,80.38,E28.64,83.56,-4266.00,
28.30,23.00,9,1.2,-45.900302,170.438415,2023-06-17 02:33:26,34.70,84.09,80.38,E28.68,83.62,-4268.29,
28.30,23.00,9,1.2,-45.900302,170.438415,2023-06-17 02:33:26,34.70,84.09,80.38,E28.69,83.64,-4269.06,
28.30,23.00,9,1.2,-45.900302,170.438415,2023-06-17 02:33:26,34.70,84.09,80.38,E28.69,83.64,-4271.72,
28.30,23.00,9,1.2,-45.900302,170.438415,2023-06-17 02:33:26,34.70,84.09,80.38,E28.71,83.68,-4271.23,
28.40,25.00,9,1.2,-45.900302,170.438415,2023-06-17 02:33:26,34.70,84.09,80.38,E28.74,83.73,-4278.01,
28.40,24.00,9,1.2,-45.900302,170.438415,2023-06-17 02:33:26,34.70,84.09,80.38,E28.74,83.73,-4276.95,
28.40,23.00,9,1.2,-45.900848,170.443267,2023-06-17 02:33:43,34.70,115.65,79.82,E28.73,83.71,-4277.43,
28.40,23.00,9,1.2,-45.900939,170.443527,2023-06-17 02:33:44,34.70,118.08,78.86,E28.74,83.73,-4274.52,
28.40,23.00,9,1.2,-45.901035,170.443756,2023-06-17 02:33:45,34.70,119.95,77.73,E28.74,83.73,-4274.12,
28.40,23.00,9,1.2,-45.901035,170.443756,2023-06-17 02:33:45,34.70,119.95,77.73,E28.74,83.73,-4275.25,
28.50,22.00,9,1.2,-45.901035,170.443756,2023-06-17 02:33:45,34.70,119.95,77.73,E28.74,83.74,-4275.02,
28.40,22.00,9,1.2,-45.901546,170.444946,2023-06-17 02:33:50,34.70,120.11,78.41,E28.76,83.76,-4271.26,
28.40,22.00,8,1.2,-45.901546,170.444946,2023-06-17 02:33:50,30.40,120.11,78.41,E28.76,83.76,-4271.26,
28.40,22.00,8,1.2,-45.901546,170.444946,2023-06-17 02:33:50,30.40,120.11,78.41,E28.76,83.76,-4271.26,
28.50,23.00,9,1.2,-45.901996,170.446807,2023-06-17 02:33:57,32.50,120.11,78.41,E28.77,83.79,-4264.90,
28.50,23.00,9,1.2,-45.901996,170.446807,2023-06-17 02:33:57,32.50,120.11,78.41,E28.81,83.86,-4257.42,
28.50,23.00,9,1.2,-45.901996,170.446807,2023-06-17 02:33:57,32.50,120.11,78.41,E28.81,83.86,-4257.83,
28.50,23.00,8,1.2,-45.901905,170.449966,2023-06-17 02:34:08,39.50,120.11,78.41,E28.85,83.92,-4251.35,
28.50,23.00,8,1.2,-45.901905,170.449966,2023-06-17 02:34:08,39.50,120.11,78.41,E28.85,83.93,-4247.56,
28.60,22.00,8,1.2,-45.900829,170.452804,2027-06-17 02:34:20,39.50,46.18,73.04,N28.91,84.03,-4236.20,
28.60,22.00,8,1.2,-45.900829,170.452804,2027-06-17 02:34:20,39.50,46.18,73.04,N28.90,84.03,-4234.37,
28.60,21.00,8,1.2,-45.900222,170.453826,2006-17-00 02:34:25,39.50,55.57,77.54,N28.90,84.02,-4222.28,
28.60,22.00,8,1.2,-45.900222,170.453826,2006-17-00 02:34:25,39.50,55.57,77.54,N28.92,84.05,-4211.35,
28.60,22.00,8,1.2,-45.900222,170.453826,2006-17-00 02:34:25,39.50,55.57,77.54,N28.94,84.10,-4201.14,
28.60,22.00,8,1.2,-45.899692,170.455963,2023-06-17 02:34:33,39.50,83.57,79.69,E28.96,84.12,-4191.10,
28.60,23.00,8,1.2,-45.899692,170.455963,2023-06-17 02:34:33,39.50,83.57,79.69,E28.97,84.15,-4185.48,
28.70,23.00,7,1.3,-45.899368,170.458618,2023-06-17 02:34:43,80.80,83.57,79.69,E29.13,84.44,-4140.16,
28.70,22.00,7,1.3,-45.899368,170.458618,2023-06-17 02:34:43,80.80,83.57,79.69,E29.14,84.45,-4133.57,
28.70,22.00,7,1.3,-45.899131,170.459243,2023-06-17 02:34:46,80.80,57.47,64.43,E29.09,84.37,-4128.42,
28.70,22.00,8,1.2,-45.899131,170.459243,2023-06-17 02:34:46,87.20,57.47,64.43,E29.09,84.36,-4123.52,
28.70,22.00,8,1.2,-45.899131,170.459243,2023-06-17 02:34:46,87.20,57.47,64.43,E29.09,84.36,-4123.52,
28.80,21.00,8,1.2,-45.897747,170.461166,2023-06-17 02:34:58,87.20,39.98,68.58,N29.09,84.37,-4066.32,
28.80,21.00,8,1.2,-45.897747,170.461166,2023-06-17 02:34:58,108.20,39.98,68.58,N29.09,84.36,-4066.32,
28.80,21.00,8,1.2,-45.897747,170.461166,2023-06-17 02:34:58,108.20,39.98,68.58,N29.09,84.36,-4066.32,
28.90,24.00,8,1.2,-45.896427,170.463745,2023-06-17 02:35:15,108.20,69.63,55.58,E29.21,84.56,-4040.77,
28.90,24.00,9,1.1,-45.896427,170.463745,2023-06-17 02:35:15,112.90,69.63,55.58,E29.20,84.56,-4040.77,
28.90,24.00,9,1.1,-45.896427,170.463745,2023-06-17 02:35:15,112.90,69.63,55.58,E29.20,84.56,-4040.77,
28.90,22.00,8,1.2,-45.896167,170.464843,2023-06-17 02:35:21,103.70,69.63,55.58,E29.19,84.54,-4069.40,
28.90,22.00,8,1.2,-45.896167,170.464843,2023-06-17 02:35:21,103.70,69.63,55.58,E29.18,84.53,-4073.79,
28.90,22.00,8,1.2,-45.896167,170.464843,2023-06-17 02:35:21,103.70,69.63,55.58,E29.20,84.55,-4085.64,
28.90,22.00,9,1.5,-45.895744,170.467132,2023-06-17 02:35:33,85.80,69.63,55.58,E29.21,84.58,-4124.81,
28.90,22.00,9,1.2,-45.895709,170.467330,2023-06-17 02:35:34,84.40,69.63,55.58,E29.23,84.62,-4128.79,
28.90,22.00,9,1.2,-45.895645,170.467681,2023-06-17 02:35:36,84.40,75.58,52.21,E29.23,84.62,-4138.87,
28.90,22.00,9,1.2,-45.895645,170.467681,2023-06-17 02:35:36,84.40,75.58,52.21,E29.23,84.61,-4142.15,
29.00,23.00,9,1.2,-45.895645,170.467681,2023-06-17 02:35:36,84.40,75.58,52.21,E29.22,84.60,-4148.30,
29.00,22.00,9,1.2,-45.895645,170.467681,2023-06-17 02:35:36,84.40,75.58,52.21,E29.21,84.58,-4157.73,
29.00,22.00,9,1.2,-45.895458,170.468811,2023-06-17 02:35:42,73.00,75.58,52.21,E29.20,84.56,-4164.67,
29.00,21.00,9,1.2,-45.895500,170.470611,2023-06-17 02:35:51,73.00,95.09,57.62,E29.19,84.54,-4195.34,
29.00,21.00,9,1.2,-45.895515,170.470809,2023-06-17 02:35:52,73.00,95.18,57.75,E29.19,84.54,-4200.39,
29.00,21.00,9,1.2,-45.895515,170.470809,2023-06-17 02:35:52,73.00,95.18,57.75,E29.19,84.54,-4203.70,
29.00,21.00,9,1.2,-45.895515,170.470809,2023-06-17 02:35:52,73.00,95.18,57.75,E29.20,84.57,-4218.86,
29.00,21.00,9,1.2,-45.895606,170.472244,2023-06-17 02:35:59,73.00,93.14,55.26,E29.21,84.59,-4227.80,
29.00,21.00,8,1.1,-45.895606,170.472244,2023-06-17 02:35:59,52.00,93.14,55.26,E29.21,84.59,-4227.80,
29.00,21.00,8,1.1,-45.895606,170.472244,2023-06-17 02:35:59,52.00,93.14,55.26,E29.21,84.59,-4227.80,
29.10,23.00,8,1.1,-45.895606,170.472244,2023-06-17 02:35:59,52.00,93.14,55.26,E29.25,84.65,-4253.29,
29.10,21.00,8,1.1,-45.895606,170.472244,2023-06-17 02:35:59,52.00,93.14,55.26,E29.24,84.63,-4264.59,
29.10,21.00,9,1.1,-45.895401,170.475234,2023-06-17 02:36:15,37.50,93.14,55.26,E29.23,84.61,-4267.60,
29.10,21.00,9,1.1,-45.895324,170.475784,2023-06-17 02:36:22,37.50,78.98,4.78,E29.22,84.59,-4273.99,
29.10,21.00,9,1.1,-45.895324,170.475784,2023-06-17 02:36:22,36.00,78.98,4.78,E29.22,84.59,-4273.99,
29.10,21.00,9,1.1,-45.895324,170.475784,2023-06-17 02:36:22,36.00,78.98,4.78,E29.22,84.59,-4273.99,
29.00,21.00,9,1.1,-45.895324,170.475784,2023-06-17 02:36:22,36.00,78.98,4.78,E29.21,84.58,-4274.21,
29.10,22.00,9,1.1,-45.895324,170.475784,2023-06-17 02:36:22,36.00,78.98,4.78,E29.22,84.59,-4275.04,
29.10,22.00,9,1.1,-45.895324,170.475784,2023-06-17 02:36:22,36.00,78.98,4.78,E29.22,84.60,-4275.15,
29.10,22.00,9,1.1,-45.895317,170.475784,2023-06-17 02:36:46,31.70,78.98,4.78,E29.23,84.61,-4275.09,
29.10,21.00,9,1.1,-45.895278,170.476058,2023-06-17 02:36:56,31.70,77.90,22.56,E29.27,84.68,-4275.20,
29.10,21.00,9,1.1,-45.895278,170.476058,2023-06-17 02:36:56,31.70,77.90,22.56,E29.33,84.79,-4298.63,
29.20,22.00,9,1.1,-45.895278,170.476058,2023-06-17 02:36:56,31.70,77.90,22.56,E29.47,85.05,-4317.34,
29.20,21.00,9,1.1,-45.895278,170.476058,2023-06-17 02:36:56,31.70,77.90,22.56,E29.56,85.20,-4323.93,
29.20,21.00,9,1.1,-45.896030,170.481506,2023-06-17 02:37:53,31.70,58.84,7.09,E29.57,85.23,-4323.48,
29.30,22.00,9,1.1,-45.896137,170.481826,2023-06-17 02:37:58,31.70,150.35,27.59,S29.63,85.33,-4324.68,
29.30,22.00,9,1.1,-45.896202,170.481887,2023-06-17 02:37:59,31.70,151.61,31.39,S29.63,85.33,-4325.03,
29.30,22.00,9,1.1,-45.896202,170.481887,2023-06-17 02:37:59,31.70,151.61,31.39,S29.63,85.33,-4324.93,
29.30,22.00,9,1.1,-45.896202,170.481887,2023-06-17 02:37:59,31.70,151.61,31.39,S29.62,85.32,-4325.05,
29.40,21.00,9,1.1,-45.896617,170.482208,2023-06-17 02:38:04,31.70,151.06,40.86,S29.63,85.33,-4325.65,
29.40,21.00,9,1.1,-45.896617,170.482208,2023-06-17 02:38:04,9.10,151.06,40.86,S29.63,85.33,-4325.65,
29.40,21.00,9,1.1,-45.896617,170.482208,2023-06-17 02:38:04,9.10,151.06,40.86,S29.63,85.33,-4325.65,
29.40,20.00,9,1.1,-45.897274,170.482727,2023-06-17 02:38:12,9.10,150.47,34.24,S29.62,85.32,-4331.12,
29.40,20.00,9,1.1,-45.897274,170.482727,2023-06-17 02:38:12,11.10,150.47,34.24,S29.62,85.32,-4331.12,
29.40,20.00,9,1.1,-45.897274,170.482727,2023-06-17 02:38:12,11.10,150.47,34.24,S29.62,85.32,-4331.12,
29.40,20.00,9,1.1,-45.897274,170.482727,2023-06-17 02:38:12,11.10,150.47,34.24,S29.63,85.34,-4333.84,
29.40,20.00,9,1.1,-45.897274,170.482727,2023-06-17 02:38:12,11.10,150.47,34.24,S29.65,85.38,-4333.83,
29.40,21.00,9,1.1,-45.897274,170.482727,2023-06-17 02:38:12,11.10,150.47,34.24,S29.67,85.41,-4333.28,
29.40,21.00,9,1.1,-45.897274,170.482727,2023-06-17 02:38:12,11.10,150.47,34.24,S29.67,85.41,-4333.26,
29.40,21.00,8,1.2,-45.897495,170.482925,2023-06-17 02:38:23,13.20,150.47,34.24,S29.70,85.45,-4333.17,
29.50,21.00,8,1.2,-45.897495,170.482925,2023-06-17 02:38:23,13.20,150.47,34.24,S29.70,85.47,-4333.16,
29.50,21.00,8,1.2,-45.897495,170.482925,2023-06-17 02:38:23,13.20,150.47,34.24,S29.68,85.42,-4332.87,
29.50,21.00,8,1.2,-45.897495,170.482925,2023-06-17 02:38:23,13.20,150.47,34.24,S29.68,85.42,-4332.67,
nan,nan,8,1.2,-45.897495,170.482925,2023-06-17 02:38:23,13.20,150.47,34.24,S29.70,85.47,-4335.12,
29.60,21.00,8,1.2,-45.897495,170.482925,2023-06-17 02:38:23,13.20,150.47,34.24,S29.83,85.69,-4339.43,
29.60,21.00,8,1.2,-45.897495,170.482925,2023-06-17 02:38:23,13.20,150.47,34.24,S29.82,85.68,-4340.50,
29.60,20.00,8,1.2,-45.897495,170.482925,2023-06-17 02:38:23,13.20,150.47,34.24,S29.69,85.45,-4341.38,
29.60,20.00,8,1.2,-45.897495,170.482925,2023-06-17 02:38:23,13.20,150.47,34.24,S29.58,85.25,-4341.63,
29.60,20.00,8,1.2,-45.900112,170.485397,2023-06-17 02:39:11,13.20,157.10,44.49,S29.54,85.17,-4342.62,
29.60,20.00,8,1.2,-45.900215,170.485458,2023-06-17 02:39:12,13.20,157.17,44.65,S29.51,85.12,-4342.54,
29.60,21.00,8,1.2,-45.900215,170.485458,2023-06-17 02:39:12,13.20,157.17,44.65,S29.49,85.08,-4343.25,
29.60,21.00,8,1.2,-45.900215,170.485458,2023-06-17 02:39:12,13.20,157.17,44.65,S29.48,85.06,-4343.06,
29.50,22.00,8,1.2,-45.900215,170.485458,2023-06-17 02:39:12,13.20,157.17,44.65,S29.05,84.30,-4347.88,
29.20,21.00,8,1.2,-45.900215,170.485458,2023-06-17 02:39:12,13.20,157.17,44.65,S28.01,82.42,-4353.57,
28.90,21.00,8,1.2,-45.900215,170.485458,2023-06-17 02:39:12,13.20,157.17,44.65,S27.52,81.53,-4353.53,
28.80,20.00,8,1.5,-45.902847,170.487045,2023-06-17 02:39:38,2.60,157.17,44.65,S27.52,81.54,-4354.47,
28.70,20.00,8,1.5,-45.902847,170.487045,2023-06-17 02:39:38,2.60,157.17,44.65,S27.39,81.30,-4354.69,
28.50,21.00,8,1.5,-45.902847,170.487045,2023-06-17 02:39:38,2.60,157.17,44.65,S27.01,80.61,-4356.11,
27.70,22.00,7,1.5,-45.904140,170.487716,2023-06-17 02:39:50,-0.10,157.17,44.65,S25.76,78.37,-4359.02,
26.90,21.00,7,1.5,-45.904788,170.487716,2023-06-17 02:39:56,-5.80,157.17,44.65,S24.75,76.55,-4361.25,
26.70,21.00,7,1.5,-45.905010,170.487655,2023-06-17 02:39:58,-5.80,188.98,46.36,S24.53,76.16,-4362.26,
26.40,21.00,7,1.5,-45.905010,170.487655,2023-06-17 02:39:58,-5.80,188.98,46.36,S24.44,76.00,-4362.46,
26.10,22.00,7,1.5,-45.905368,170.487579,2023-06-17 02:40:01,-5.80,188.04,48.76,S24.31,75.75,-4361.44,
25.50,23.00,7,1.5,-45.905368,170.487579,2023-06-17 02:40:01,-5.80,188.04,48.76,S24.03,75.25,-4360.73,
25.50,23.00,7,1.5,-45.905368,170.487579,2023-06-17 02:40:01,-5.80,188.04,48.76,S23.93,75.07,-4361.64,
22.40,26.00,7,1.5,-45.905368,170.487579,2023-06-17 02:40:01,-5.80,188.04,48.76,S21.88,71.38,-4365.62,
21.60,28.00,7,1.5,-45.905368,170.487579,2023-06-17 02:40:01,-5.80,188.04,48.76,S21.67,71.00,-4365.22,
21.60,28.00,8,1.2,-45.907901,170.487487,2023-06-17 02:40:41,-7.60,188.04,48.76,S21.46,70.63,-4365.01,
21.30,28.00,8,1.2,-45.907901,170.487487,2023-06-17 02:40:41,-7.60,188.04,48.76,S21.25,70.24,-4369.43,
21.10,28.00,8,1.2,-45.907901,170.487487,2023-06-17 02:40:41,-7.60,188.04,48.76,S21.20,70.16,-4372.06,
20.80,29.00,8,1.2,-45.908691,170.488159,2023-06-17 02:40:50,-7.60,149.96,41.97,S21.18,70.13,-4374.54,
20.80,29.00,8,1.2,-45.908691,170.488159,2023-06-17 02:40:50,-7.60,149.96,41.97,S21.17,70.11,-4374.90,
20.20,31.00,8,1.2,-45.908691,170.488159,2023-06-17 02:40:50,-7.60,149.96,41.97,S20.81,69.45,-4377.67,
20.20,31.00,8,1.2,-45.908691,170.488159,2023-06-17 02:40:50,-7.60,149.96,41.97,S20.77,69.39,-4378.14,
20.00,31.00,8,1.2,-45.908691,170.488159,2023-06-17 02:40:50,-7.60,149.96,41.97,S20.67,69.21,-4379.28,
19.90,31.00,8,1.2,-45.908691,170.488159,2023-06-17 02:40:50,-7.60,149.96,41.97,S20.62,69.12,-4379.34,
19.20,33.00,8,1.2,-45.908691,170.488159,2023-06-17 02:40:50,-7.60,149.96,41.97,S20.14,68.26,-4382.73,
19.20,33.00,8,1.2,-45.908691,170.488159,2023-06-17 02:40:50,-7.60,149.96,41.97,S20.12,68.22,-4382.88,
19.10,33.00,8,1.2,-45.908691,170.488159,2023-06-17 02:40:50,-7.60,149.96,41.97,S20.07,68.13,-4383.61,
18.60,35.00,8,1.2,-45.911018,170.490142,2023-06-17 02:41:32,-7.60,158.16,16.09,S19.70,67.47,-4382.50,
18.60,35.00,8,1.2,-45.911064,170.490158,2023-06-17 02:41:33,-7.60,166.42,19.56,S19.62,67.32,-4381.68,
18.50,34.00,8,1.2,-45.911064,170.490158,2023-06-17 02:41:33,-7.60,166.42,19.56,S19.58,67.24,-4382.99,
18.40,35.00,8,1.2,-45.911064,170.490158,2023-06-17 02:41:33,-7.60,166.42,19.56,S19.48,67.06,-4381.04,
17.80,36.00,8,1.2,-45.911064,170.490158,2023-06-17 02:41:33,-7.60,166.42,19.56,S19.06,66.31,-4380.80,
17.80,36.00,8,1.2,-45.911788,170.490005,2023-06-17 02:41:56,-7.60,238.64,15.85,W19.06,66.30,-4380.29,
17.80,36.00,8,1.2,-45.911788,170.490005,2023-06-17 02:41:56,-7.60,238.64,15.85,W19.08,66.34,-4380.14,
17.60,37.00,8,1.2,-45.911788,170.490005,2023-06-17 02:41:56,-7.60,238.64,15.85,W19.14,66.44,-4380.46,
17.60,38.00,8,1.2,-45.911788,170.490005,2023-06-17 02:41:56,-7.60,238.64,15.85,W19.11,66.40,-4380.24,
17.60,38.00,8,1.2,-45.911788,170.490005,2023-06-17 02:41:56,-7.60,238.64,15.85,W19.06,66.31,-4380.82,
17.50,39.00,8,1.2,-45.911788,170.490005,2023-06-17 02:41:56,-7.60,238.64,15.85,W18.95,66.12,-4380.85,
17.50,39.00,8,1.2,-45.911788,170.490005,2023-06-17 02:41:56,-7.60,238.64,15.85,W19.20,66.56,-4379.32,
17.50,39.00,8,1.2,-45.911788,170.490005,2023-06-17 02:41:56,-7.60,238.64,15.85,W19.67,67.40,-4378.33,
17.60,40.00,8,1.2,-45.911788,170.490005,2023-06-17 02:41:56,-7.60,238.64,15.85,W19.75,67.55,-4377.92,
17.60,40.00,8,1.2,-45.911788,170.490005,2023-06-17 02:41:56,-7.60,238.64,15.85,W19.58,67.25,-4378.76,
17.60,39.00,8,1.2,-45.911788,170.490005,2023-06-17 02:41:56,-7.60,238.64,15.85,W19.52,67.13,-4378.82,
17.60,39.00,8,1.2,-45.911788,170.490005,2023-06-17 02:41:56,-7.60,238.64,15.85,W19.49,67.08,-4379.44,
17.40,40.00,8,1.2,-45.911788,170.490005,2023-06-17 02:41:56,-7.60,238.64,15.85,W19.35,66.82,-4379.81,
17.30,38.00,8,1.2,-45.912166,170.487915,2023-06-17 02:42:52,-7.60,319.73,20.58,N19.21,66.58,-4379.20,
17.10,40.00,8,1.2,-45.911911,170.487731,2023-06-17 02:43:00,-7.60,6.73,17.72,N19.18,66.52,-4378.12,
17.10,39.00,9,1.2,-45.911651,170.488479,2023-06-17 02:43:08,19.30,6.73,17.72,N18.85,65.93,-4379.33,
16.90,39.00,9,1.2,-45.911651,170.488479,2023-06-17 02:43:08,19.30,6.73,17.72,N18.71,65.67,-4384.07,
16.90,39.00,9,1.2,-45.911197,170.489547,2023-06-17 02:43:18,19.30,58.04,26.02,E18.72,65.69,-4384.89,
16.80,40.00,9,1.2,-45.911197,170.489547,2023-06-17 02:43:18,19.30,58.04,26.02,E18.71,65.68,-4385.36,
16.80,40.00,9,1.2,-45.911197,170.489547,2023-06-17 02:43:18,19.30,58.04,26.02,E18.70,65.67,-4386.82,
16.80,41.00,9,1.2,-45.911022,170.489944,2023-06-17 02:43:26,19.30,58.76,11.82,E18.62,65.52,-4386.89,
16.70,41.00,9,1.2,-45.910903,170.490280,2006-17-00 02:43:31,19.30,67.91,26.63,E18.51,65.32,-4386.70,
16.60,40.00,9,1.2,-45.910629,170.491027,2023-06-17 02:43:39,19.30,61.54,29.28,E18.46,65.23,-4389.92,
16.60,40.00,7,1.2,-45.910629,170.491027,2023-06-17 02:43:39,-16.40,61.54,29.28,E18.46,65.23,-4389.92,
16.60,40.00,7,1.2,-45.910629,170.491027,2023-06-17 02:43:39,-16.40,61.54,29.28,E18.46,65.23,-4389.92,
16.50,41.00,9,1.2,-45.910442,170.491531,2023-06-17 02:43:44,-22.90,61.54,29.28,E18.48,65.27,-4389.48,
16.50,42.00,9,1.2,-45.910282,170.491973,2023-06-17 02:43:48,-22.90,64.91,34.35,E18.50,65.30,-4388.87,
16.40,42.00,8,1.2,-45.910182,170.492340,2023-06-17 02:43:51,-35.80,64.91,34.35,E18.39,65.10,-4388.82,
16.40,41.00,8,1.2,-45.910182,170.492340,2023-06-17 02:43:51,-35.80,64.91,34.35,E18.18,64.73,-4390.75,
16.40,40.00,8,1.2,-45.910182,170.492340,2023-06-17 02:43:51,-35.80,64.91,34.35,E18.17,64.71,-4392.02,
16.40,40.00,8,1.2,-45.910182,170.492340,2023-06-17 02:43:51,-35.80,64.91,34.35,E18.15,64.68,-4391.41,
16.20,41.00,8,1.2,-45.910182,170.492340,2023-06-17 02:43:51,-35.80,64.91,34.35,E18.18,64.72,-4390.39,
16.20,42.00,8,1.2,-45.909328,170.495727,2023-06-17 02:44:15,-35.80,70.26,43.23,E17.96,64.32,-4390.24,
16.10,41.00,8,1.2,-45.909328,170.495727,2023-06-17 02:44:15,-35.80,70.26,43.23,E18.13,64.63,-4389.57,
16.10,41.00,8,1.2,-45.909328,170.495727,2023-06-17 02:44:15,-35.80,70.26,43.23,E18.08,64.54,-4389.19,
16.00,41.00,8,1.2,-45.908725,170.497787,2023-06-17 02:44:29,-35.80,65.71,48.78,E18.19,64.74,-4388.54,
16.00,43.00,8,1.2,-45.908725,170.497787,2023-06-17 02:44:29,-35.80,65.71,48.78,E18.13,64.64,-4389.17,
16.00,42.00,8,1.2,-45.908725,170.497787,2023-06-17 02:44:29,-35.80,65.71,48.78,E18.06,64.51,-4390.57,
16.00,42.00,8,1.2,-45.907886,170.500442,2023-06-17 02:44:46,-35.80,66.33,45.78,E18.02,64.44,-4391.26,
16.00,42.00,8,1.2,-45.907886,170.500442,2023-06-17 02:44:46,-35.80,66.33,45.78,E17.99,64.39,-4392.02,
15.90,44.00,8,1.2,-45.906650,170.500991,2023-06-17 02:45:09,-35.80,330.66,37.48,N17.93,64.28,-4395.34,
15.90,43.00,8,1.2,-45.906650,170.500991,2023-06-17 02:45:09,-35.80,330.66,37.48,N17.93,64.27,-4395.55,
15.90,43.00,8,1.2,-45.906650,170.500991,2023-06-17 02:45:09,-35.80,330.66,37.48,N18.13,64.64,-4395.89,
15.90,44.00,8,1.2,-45.906650,170.500991,2023-06-17 02:45:09,-35.80,330.66,37.48,N18.11,64.59,-4396.02,
15.90,44.00,8,1.2,-45.906650,170.500991,2023-06-17 02:45:09,-35.80,330.66,37.48,N18.09,64.56,-4394.38,
16.00,45.00,8,1.2,-45.906650,170.500991,2023-06-17 02:45:09,-35.80,330.66,37.48,N17.97,64.34,-4393.62,
16.00,44.00,8,1.2,-45.906650,170.500991,2023-06-17 02:45:09,-35.80,330.66,37.48,N17.66,63.79,-4395.68,
15.90,43.00,8,1.2,-45.904815,170.500732,2023-06-17 02:45:48,-35.80,68.44,2.09,E17.47,63.44,-4398.49,
15.90,43.00,8,1.2,-45.904815,170.500732,2023-06-17 02:45:48,-35.80,68.44,2.09,E17.45,63.42,-4397.20,
15.90,44.00,8,1.2,-45.904815,170.500732,2023-06-17 02:45:48,-35.80,68.44,2.09,E17.51,63.52,-4396.08,
15.90,45.00,8,1.2,-45.904815,170.500732,2023-06-17 02:45:48,-35.80,68.44,2.09,E17.04,62.67,-4399.08,
15.90,44.00,8,1.2,-45.904815,170.500732,2023-06-17 02:45:48,-35.80,68.44,2.09,E17.05,62.68,-4397.18,
15.80,44.00,8,1.2,-45.904815,170.500732,2023-06-17 02:45:48,-35.80,68.44,2.09,E17.21,62.97,-4400.16,
15.80,45.00,8,1.2,-45.905662,170.502777,2023-06-17 02:46:23,-35.80,60.31,2.76,E17.24,63.03,-4398.52,
15.70,44.00,8,1.2,-45.905414,170.503173,2023-06-17 02:46:48,-35.80,57.29,0.02,E16.99,62.58,-4400.57,
15.70,45.00,8,1.2,-45.905414,170.503173,2023-06-17 02:46:48,-35.80,57.29,0.02,E16.77,62.19,-4402.28,
15.70,46.00,8,1.2,-45.905414,170.503173,2023-06-17 02:46:48,-35.80,57.29,0.02,E16.75,62.15,-4402.17,
15.60,45.00,8,1.2,-45.905414,170.503173,2023-06-17 02:46:48,-35.80,57.29,0.02,E16.60,61.87,-4403.52,
15.60,45.00,8,1.2,-45.905414,170.503173,2023-06-17 02:46:48,-35.80,57.29,0.02,E16.66,61.98,-4403.13,
15.60,46.00,8,1.2,-45.905414,170.503173,2023-06-17 02:46:48,-35.80,57.29,0.02,E16.45,61.61,-4401.22,
15.60,45.00,9,1.1,-45.905399,170.503204,2023-06-17 02:47:40,-1.00,57.29,0.02,E16.43,61.58,-4402.10,
15.50,45.00,9,1.1,-45.905399,170.503204,2023-06-17 02:47:40,-1.00,57.29,0.02,E16.43,61.57,-4402.28,
15.50,45.00,9,1.1,-45.905399,170.503204,2023-06-17 02:47:40,-1.00,57.29,0.02,E16.48,61.66,-4401.50,
15.50,45.00,9,1.1,-45.905399,170.503204,2023-06-17 02:47:40,-1.00,57.29,0.02,E16.13,61.04,-4399.77,
15.40,45.00,9,1.1,-45.904865,170.504547,2023-06-17 02:48:06,-1.00,59.75,29.67,E16.11,60.99,-4400.21,
15.40,45.00,9,1.1,-45.904865,170.504547,2023-06-17 02:48:06,-12.90,59.75,29.67,E16.11,60.99,-4400.21,
15.40,45.00,9,1.1,-45.904865,170.504547,2023-06-17 02:48:06,-12.90,59.75,29.67,E16.11,60.99,-4400.21,
15.40,45.00,9,1.1,-45.904827,170.504638,2023-06-17 02:48:07,-12.90,59.13,29.93,E16.13,61.03,-4399.92,
15.40,46.00,9,1.1,-45.904827,170.504638,2023-06-17 02:48:07,-12.90,59.13,29.93,E16.23,61.21,-4399.45,
15.40,46.00,9,1.1,-45.904827,170.504638,2023-06-17 02:48:07,-12.90,59.13,29.93,E16.01,60.82,-4399.46,
15.30,45.00,9,1.1,-45.904827,170.504638,2023-06-17 02:48:07,-12.90,59.13,29.93,E15.90,60.62,-4402.14,
15.30,45.00,9,1.1,-45.904827,170.504638,2023-06-17 02:48:07,-12.90,59.13,29.93,E15.97,60.75,-4404.16,
15.20,45.00,9,1.1,-45.904827,170.504638,2023-06-17 02:48:07,-12.90,59.13,29.93,E16.01,60.81,-4404.19,
15.20,46.00,9,1.1,-45.903736,170.507110,2023-06-17 02:48:36,-12.90,28.01,10.33,N16.09,60.96,-4401.56,
15.20,47.00,9,1.1,-45.903736,170.507110,2023-06-17 02:48:36,-12.90,28.01,10.33,N16.21,61.18,-4398.17,
15.20,47.00,9,1.1,-45.903736,170.507110,2023-06-17 02:48:36,-12.90,28.01,10.33,N16.18,61.13,-4398.02,
15.20,47.00,9,1.1,-45.903736,170.507110,2023-06-17 02:48:36,-12.90,28.01,10.33,N16.11,60.99,-4397.96,
15.20,46.00,9,1.1,-45.903736,170.507110,2023-06-17 02:48:36,-12.90,28.01,10.33,N16.04,60.87,-4400.38,
15.20,46.00,9,1.1,-45.903736,170.507110,2023-06-17 02:48:36,-12.90,28.01,10.33,N16.21,61.18,-4397.64,
15.20,48.00,9,1.1,-45.903736,170.507110,2023-06-17 02:48:36,-12.90,28.01,10.33,N16.51,61.72,-4397.49,
15.20,49.00,9,1.1,-45.903736,170.507110,2023-06-17 02:48:36,-12.90,28.01,10.33,N16.61,61.91,-4396.79,
15.30,50.00,9,1.1,-45.903736,170.507110,2023-06-17 02:48:36,-12.90,28.01,10.33,N16.50,61.70,-4397.07,
15.40,48.00,9,1.1,-45.899581,170.503555,2023-06-17 02:49:26,-12.90,321.80,21.93,N16.61,61.90,-4400.26,
15.40,48.00,9,1.1,-45.899581,170.503555,2023-06-17 02:49:26,-12.90,321.80,21.93,N16.68,62.03,-4399.39,
15.40,48.00,9,1.1,-45.899581,170.503555,2023-06-17 02:49:26,-12.90,321.80,21.93,N16.73,62.11,-4399.77,
15.40,49.00,9,1.1,-45.899429,170.503265,2023-06-17 02:49:35,-12.90,307.65,13.30,N16.70,62.05,-4399.15,
15.40,49.00,9,1.1,-45.899429,170.503265,2023-06-17 02:49:35,-12.90,307.65,13.30,N16.67,62.01,-4398.82,
15.40,49.00,9,1.1,-45.899429,170.503265,2023-06-17 02:49:35,-12.90,307.65,13.30,N16.63,61.94,-4398.95,
15.40,49.00,9,1.1,-45.899429,170.503265,2023-06-17 02:49:35,-12.90,307.65,13.30,N16.60,61.88,-4399.37,
15.50,48.00,9,1.1,-45.899429,170.503265,2023-06-17 02:49:35,-12.90,307.65,13.30,N16.56,61.80,-4398.73,
15.50,47.00,9,1.1,-45.899429,170.503265,2023-06-17 02:49:35,-12.90,307.65,13.30,N16.56,61.81,-4398.49,
15.50,48.00,9,1.1,-45.899429,170.503265,2023-06-17 02:49:35,-12.90,307.65,13.30,N16.69,62.04,-4396.12,
15.50,48.00,9,1.1,-45.898616,170.502792,2023-06-17 02:49:59,-12.90,329.52,41.82,N16.54,61.78,-4395.90,
15.50,48.00,9,1.1,-45.898616,170.502792,2023-06-17 02:49:59,-12.90,329.52,41.82,N16.54,61.76,-4395.00,
15.50,47.00,9,1.1,-45.898616,170.502792,2023-06-17 02:49:59,-12.90,329.52,41.82,N16.55,61.78,-4394.37,
15.50,47.00,9,1.1,-45.897495,170.501785,2023-06-17 02:50:17,-12.90,318.39,14.70,N16.65,61.96,-4400.83,
15.50,47.00,9,1.1,-45.897495,170.501785,2023-06-17 02:50:17,-12.90,318.39,14.70,N16.67,62.00,-4401.61,
15.50,48.00,9,1.1,-45.897495,170.501785,2023-06-17 02:50:17,-12.90,318.39,14.70,N16.53,61.75,-4401.37,
15.50,48.00,9,1.1,-45.897495,170.501785,2023-06-17 02:50:17,-12.90,318.39,14.70,N16.47,61.65,-4400.57,
15.50,49.00,9,1.1,-45.897495,170.501785,2023-06-17 02:50:17,-12.90,318.39,14.70,N16.28,61.30,-4401.25,
15.50,49.00,9,1.1,-45.897987,170.500762,2023-06-17 02:50:51,-12.90,153.59,0.13,S16.30,61.33,-4401.19,
15.50,48.00,9,1.1,-45.897987,170.500762,2023-06-17 02:50:51,-12.90,153.59,0.13,S16.41,61.55,-4401.02,
15.50,49.00,9,1.1,-45.897987,170.500762,2023-06-17 02:50:51,-12.90,153.59,0.13,S16.19,61.14,-4401.47,
15.50,48.00,9,1.1,-45.897987,170.500762,2023-06-17 02:50:51,-12.90,153.59,0.13,S16.17,61.10,-4402.21,
15.50,48.00,9,1.1,-45.897987,170.500762,2023-06-17 02:50:51,-12.90,153.59,0.13,S16.11,60.99,-4401.74,
15.40,48.00,9,1.1,-45.897987,170.500762,2023-06-17 02:50:51,-12.90,153.59,0.13,S15.97,60.74,-4401.80,
15.40,47.00,9,1.1,-45.897987,170.500762,2023-06-17 02:50:51,-12.90,153.59,0.13,S15.92,60.66,-4403.40,
15.30,47.00,9,1.1,-45.897987,170.500762,2023-06-17 02:50:51,-12.90,153.59,0.13,S15.71,60.27,-4403.47,
15.30,46.00,9,1.1,-45.897987,170.500762,2023-06-17 02:50:51,-12.90,153.59,0.13,S15.63,60.14,-4403.39,
15.30,46.00,9,1.1,-45.897987,170.500762,2023-06-17 02:50:51,-12.90,153.59,0.13,S15.64,60.16,-4403.26,
15.30,46.00,9,1.1,-45.897987,170.500762,2023-06-17 02:50:51,-12.90,153.59,0.13,S15.65,60.18,-4403.24,
15.20,46.00,9,1.1,-45.897987,170.500762,2023-06-17 02:50:51,-12.90,153.59,0.13,S15.70,60.25,-4403.27,
15.20,47.00,9,1.1,-45.897987,170.500762,2023-06-17 02:50:51,-12.90,153.59,0.13,S15.85,60.53,-4402.94,
15.10,47.00,9,1.1,-45.898265,170.501022,2023-06-17 02:52:15,-12.90,270.09,0.65,W15.74,60.34,-4403.22,
15.10,47.00,8,1.2,-45.898265,170.501022,2023-06-17 02:52:15,13.90,270.09,0.65,W15.76,60.36,-4402.91,
15.10,47.00,8,1.2,-45.898265,170.501022,2023-06-17 02:52:15,13.90,270.09,0.65,W15.76,60.36,-4402.91,
15.10,47.00,8,1.2,-45.898265,170.501022,2023-06-17 02:52:15,13.90,270.09,0.65,W15.81,60.45,-4403.02,
15.10,48.00,8,1.2,-45.898265,170.501022,2023-06-17 02:52:15,13.90,270.09,0.65,W15.67,60.21,-4403.52,
15.20,49.00,8,1.2,-45.898223,170.500991,2023-06-17 02:52:53,13.90,270.09,0.07,W16.85,62.34,-4398.30,
15.20,49.00,9,1.2,-45.898223,170.500991,2023-06-17 02:52:53,12.20,270.09,0.07,W16.85,62.34,-4398.30,
15.20,49.00,9,1.2,-45.898223,170.500991,2023-06-17 02:52:53,12.20,270.09,0.07,W16.85,62.34,-4398.30,
15.30,49.00,9,1.2,-45.898223,170.500991,2023-06-17 02:52:53,12.20,270.09,0.07,W16.85,62.32,-4398.41,
15.30,49.00,9,1.2,-45.898223,170.500991,2023-06-17 02:52:53,12.20,270.09,0.07,W16.77,62.19,-4398.60,
15.50,50.00,9,1.2,-45.898223,170.500991,2023-06-17 02:52:53,12.20,270.09,0.07,W16.87,62.37,-4398.15,
15.60,50.00,9,1.2,-45.898250,170.500930,2023-06-17 02:53:07,12.20,5.00,2.30,N16.90,62.42,-4398.65,
15.60,50.00,9,1.2,-45.898250,170.500930,2023-06-17 02:53:07,12.20,5.00,2.30,N16.86,62.35,-4398.93,
15.70,50.00,9,1.2,-45.898250,170.500930,2023-06-17 02:53:07,12.20,5.00,2.30,N16.62,61.92,-4400.46,
15.70,50.00,9,1.2,-45.898250,170.500930,2023-06-17 02:53:07,12.20,5.00,2.30,N16.51,61.71,-4399.16,
15.70,50.00,9,1.2,-45.898258,170.500885,2023-06-17 02:53:13,12.20,5.00,1.87,N16.51,61.73,-4398.84,
15.80,51.00,9,1.2,-45.898246,170.500900,2023-06-17 02:53:21,12.20,3.30,6.83,N16.83,62.30,-4400.06,
15.80,51.00,9,1.2,-45.898227,170.500946,2023-06-17 02:53:24,12.20,3.30,5.43,N16.96,62.52,-4399.69,
15.80,51.00,9,1.2,-45.898227,170.500946,2023-06-17 02:53:24,12.20,3.30,5.43,N16.96,62.52,-4399.69,
15.90,51.00,9,1.2,-45.898227,170.500946,2023-06-17 02:53:24,12.20,3.30,5.43,N17.12,62.82,-4398.55,
15.90,51.00,9,1.2,-45.898227,170.500946,2023-06-17 02:53:24,12.20,3.30,5.43,N17.14,62.86,-4398.36,
15.90,51.00,9,1.2,-45.898227,170.500946,2023-06-17 02:53:24,12.20,3.30,5.43,N17.18,62.92,-4398.32,
16.10,51.00,9,1.2,-45.898193,170.501052,2023-06-17 02:53:37,12.20,45.77,2.41,N17.39,63.31,-4397.37,
16.20,51.00,9,1.2,-45.898193,170.501052,2023-06-17 02:53:37,12.20,45.77,2.41,N17.57,63.63,-4396.86,
16.30,51.00,9,1.2,-45.898193,170.501052,2023-06-17 02:53:37,12.20,45.77,2.41,N17.60,63.68,-4396.85,
